46.7,32.6,0
35.1333,44.45,1
39.8247,36.1358,2
39.75,46.6667,3
49.2833,15.5667,4
48.1167,10.4667,5
27.2098,16.4265,6
27.1167,16.4667,7
26.9982,16.4397,8
27.0088,16.46,9
-17.65,31.6,10
32.3333,-6.3,11
-20.81,-49.3806,12
41.65,-0.86667,13
25.1447,0.04083,14
28.1815,15.6478,14
27.5333,3.83333,15
46.95,-1.5,16
26.9667,4.45,17
-19.8167,-48.7833,18
27.0772,16.193,19
-18.5833,-46.5333,20
48.0167,-1.15,21
25.1667,25.6667,22
29.0172,12.0867,23
-14.2,48.1,24
27.5333,3.85,25
-28.8333,31.95,26
37.4333,-3.65,27
25.3667,1.08333,28
32.8062,9.83283,28
-28.8333,21.1333,29
0,0,30
-22.9667,-44.3167,30
-21.4603,-49.9508,30
-7.03333,-40.1667,30
-19.85,-47.55,30
-20,-45,30
-3.4,-44.3333,30
-5.2,-36.6667,30
-26.1667,-49.9333,30
-22.25,-49.9333,30
-6.23333,-40.7,30
-19.5333,-48.5667,30
-26.1,-49.8,30
-8.38333,-36.7667,30
-19.4667,-44.2167,30
-20.85,-41.7336,30
-7.53133,-46.0412,30
-21.2167,-43.9333,30
-10.1167,-39.2,30
-26.9238,-49.0588,30
-17.1667,-43.8333,30
-14.258,-49.1592,30
-22.4667,-42.2167,30
-5.25,-40.5,30
-18.85,-41.95,30
-19.1667,-47.8333,30
-21.3333,-44.6667,30
-22.3,-45.3667,30
-18.5,-44,30
-14.3675,-43.0228,30
-19.8667,-44.6167,30
-18.9417,-44.9833,30
-17.3,-45,30
-10.75,-39.2167,30
-13.1233,-42.2885,30
-26.2167,-48.6,30
-16.2667,-47.95,30
-21.55,-43.0167,30
-14.5333,-48.7667,30
-19.7333,-48.3167,30
-14.8386,-40.8361,30
21.6,-16.5,30
0,0,30
11.0833,-0.18333,30
11.65,-3.65,30
12.45,-0.08333,30
11.65,-2.18333,30
14.1508,-2.04167,30
13.5,-0.68333,30
13.85,-4.38333,30
11.3337,-3.54217,30
14,-11,30
16.3981,-9.57028,30
17.7107,-11.3715,30
17.1749,-11.3413,30
16.5833,-11.3333,30
22.9935,-10.1537,30
20.25,-12.6833,30
23.2833,-10.8167,30
21,-13,30
22.2,-13.15,30
22.9478,-13.3853,30
20.3467,-11.8338,30
23.2925,-10.1748,30
23.3907,-9.94017,30
26.5908,-12.9522,30
24.3,-13.1,30
27.3333,-9.33333,30
27.5,-12.5,30
26.6325,-12.8102,30
26.7485,-12.7098,30
26.8109,-12.7186,30
26.707,-12.759,30
26.819,-12.724,30
29.2333,-8.36667,30
27.2333,-10.45,30
27.1667,-9.5,30
27.2303,-9.7505,30
27.2333,-9.7585,30
27.2335,-9.75817,30
27.2363,-9.74133,30
27.2335,-9.75767,30
27.23,-9.75667,30
27.2265,-9.74117,30
27.285,-9.59017,30
25.7025,-10.7817,30
28.0008,-9.27,30
27.8167,-7.83333,30
27.9667,-7.95,30
27.8167,-7.85,30
28.1667,-7.9,30
28.5,-7.9,30
28.5833,-7.96667,30
28.6,-7.98333,30
27.9333,-7.9,30
27.7333,-7.85,30
27.8,-7.95,30
28.2333,-7.88333,30
27.95,-7.83333,30
26.784,-12.8335,30
24.6428,-14.6878,30
28.0025,-11.1316,30
26.0104,-10.3362,30
24.1333,-13.1667,30
24.7758,-14.5628,30
26.56,-11.5555,30
26.4493,-11.6935,30
26.7667,-12.8167,30
27.3883,-9.01733,30
30.1927,-9.03667,30
26.6833,-11.7333,30
24.6363,-14.7163,30
26.5,-10.5,30
27.75,-8.13333,30
15.7833,-5.9,30
23.4333,-1.41667,30
22.8333,-6.18333,30
22.7917,-3.96667,30
20.05,-1.68333,30
30,-7,30
23.6964,-5.01472,30
30.18,-6.57717,30
31.1633,-7.015,30
29.482,-7.61123,30
30.55,-4.9,30
30.6667,-5.16667,30
30.8333,-3.33333,30
30.1667,-5.66667,30
31.1564,-5.15262,30
29.5833,-3.75,30
29.9167,-5.41667,30
23.45,-1.86667,30
23.5,-1.85,30
23.55,-1.81667,30
23.6667,-1.58333,30
23.6667,-1.81667,30
30.1,-6.85,30
30.0667,-6.9,30
30.3333,-5.83333,30
29.9167,-5.58333,30
30.3667,-5.05,30
30.9,-3.96667,30
30.9,-3.98333,30
31.1167,-5.18333,30
30.808,-5.85583,30
30.0833,-5.66667,30
29.5333,-3.18333,30
30.9167,-4.9,30
28.2,-7.75,30
27.9333,-7.78333,30
27.7667,-7.66667,30
27.9167,-7.5,30
28.6667,-7.53333,30
28.75,-7.58333,30
28.1,-7.51667,30
27.85,-7.8,30
27.9833,-7.58333,30
30.3171,-4.94288,30
30.6667,-4.98333,30
23.6,-5,30
30.1333,-6.88333,30
31.1,-5.18333,30
30.4563,-5.48672,30
30.5167,-4.3,30
30.928,-4.85833,30
30.9715,-4.94983,30
31.15,-4.25,30
29.8833,-5.5,30
30.2333,-5.86667,30
30.6,-5.05,30
31.0333,-4,30
30.3333,-5.75,30
30.55,-4.96667,30
30.6167,-4.11667,30
30.25,-4.41667,30
30.6358,-5.08833,30
29.4167,-5.26667,30
30.3,-5.91667,30
30.4067,-5.89233,30
30.8,-4.18333,30
31.1667,-3.91667,30
30.2667,-4.66667,30
29.9667,-5.6,30
29.9833,-5.23333,30
27.7167,-0.25,30
25.3122,-0.35583,30
25.3706,-0.0225,30
25.3922,-0.03639,30
25.4347,-0.09028,30
25.4586,-0.13806,30
25.2928,-0.21111,30
25.2631,-0.18889,30
24.0683,-1.3525,30
24.6205,-0.5617,30
24.6211,-0.53962,30
24.7357,-0.52413,30
24.5802,-0.51863,30
24.6544,-0.56928,30
24.8173,-0.43427,30
24.6481,-0.51437,30
24.7561,-0.43458,30
30.9,-4.23833,30
27.6353,-0.51667,30
27.4667,-0.51667,30
29.6522,-7.7493,30
30.3667,-5.85,30
29.75,-4.5,30
29.8586,-2.645,30
47.4667,-0.55,30
43.95,-0.05,30
42.3833,-2.5,30
32.25,-8.15,30
41.6833,-3.8,30
43.2167,-0.23333,30
37.9833,-1.16667,30
43.3833,-5.15,30
41.9333,-7.46667,30
46.25,-1.1,30
38.7333,-6.01667,30
45.4333,-0.45,30
38.7403,-7.27,30
48.4,-3.3,30
48.1167,-3.08333,30
48.5333,-0.86667,30
38,-0.83333,30
40.4167,-3.71667,30
38.1167,-1.16667,30
38.0167,-8.25,30
49.0333,-1.43333,30
38.1833,-5.4,30
39,-0.03333,30
38.7167,-7.06667,30
37.6083,-8.28,30
43.4,-5.86667,30
41.3667,-6.23333,30
38.5,-8,30
39.35,-3.51667,30
39,-0.66667,30
42.475,-5.33333,30
43.15,-0.85,30
41.7167,-0.05,30
37.4167,-6,30
42.8,-4.66667,30
31.9846,-5.51528,30
32.7346,-2.95797,30
31.6667,-4.06667,30
31.9833,-3.2,30
44.0833,-1.31667,30
48.65,-3.91667,30
31.4985,-5.71742,30
31.4985,-5.7174,30
31.4858,-5.71712,30
31.5027,-5.71527,30
47.65,-2.76667,30
31.9932,-2.99347,30
33.1333,-5.56667,30
41,-8,30
31.5,-4.25,30
31.3333,-4.33333,30
32.05,-3.03333,30
31.8333,-2.93333,30
31.6,-4.38333,30
31.5,-4.85,30
31.3333,-4,30
31.3833,-4.25,30
31.7,-3.3,30
31.5917,-5.76667,30
32.3167,-4.06667,30
32.2667,-3.46667,30
31.3682,-4.01683,30
31.9833,-4.18667,30
31.975,-4.16667,30
31.9683,-4.14667,30
31.96,-4.12833,30
32.0217,-4.13833,30
32.0433,-4.13667,30
32.0283,-4.15833,30
32.0333,-4.17667,30
32.0367,-4.195,30
32.3717,-6.36,30
32.3333,-3.5,30
31.5667,-4.51667,30
31.7025,-4.96833,30
31.8333,-3.66667,30
31.4167,-4.18333,30
31.9667,-4.41667,30
48.6667,-4.05,30
39.4589,-4.3775,30
41.7661,-8.58361,30
0,0,30
-26.1667,28.4167,30
-3.66667,32.5,30
-10.0594,33.395,30
-17.35,13.9667,30
-33.1333,19.3833,30
-27.7,27.3,30
-28.2,24.5667,30
-33.75,18.5667,30
-13.6667,33.9167,30
-4,39.5,30
-27.2,31.3167,30
-17.3,15.8333,30
-32.1,28.3333,30
-8.93333,33.8,30
-8.41667,32.4333,30
-32.5,21.9,30
-11.85,15.8333,30
-6.83333,29.5,30
-3.5,35.5833,30
-25.6667,28.3667,30
-26.15,26.1833,30
-7.21667,29.4333,30
-15.2122,35.2422,30
-19.4833,31.65,30
-3.13333,33.5167,30
-29.45,26.7667,30
-1.21667,30,30
0,37.6667,30
-31.25,26.4667,30
-15.9667,27.35,30
-11.5,33.5,30
-28.5667,30.7,30
-18,16,30
-10.6667,35.5,30
-32.8667,18.7167,30
-30.1167,28.7,30
-1.45,29.8333,30
-10.2667,38.7667,30
-1.00278,37.1503,30
-29.3333,27.5833,30
-4.26667,35.35,30
-26,30,30
-28.6667,18.9167,30
-32.5,23,30
-15.1833,35.2833,30
-25.4333,17.9167,30
-26.6667,16.25,30
-28.0833,24.0833,30
-33,26.4,30
-30.5833,23.55,30
-30,20,30
-33.5,26,30
-29.3833,23.1,30
-30.1833,23.2667,30
-23.8333,27.9167,30
-18.5,16,30
-25.5,18,30
-23.55,15.0333,30
-33.3167,19.6167,30
-19.5833,17.9167,30
-26.2667,18.1833,30
-20.9818,22.9766,30
-27.6667,18.9667,30
-31.6,25.8,30
-30.55,29.4167,30
-29.3,21.15,30
-25.2,18.0833,30
-13.0167,34.2,30
-33.6167,24,30
-21.3,24.1028,30
-16.9025,30.4072,30
-24.9167,16.9833,30
-21.0909,26.4859,30
-9.11667,33.0667,30
-32.7583,21.6833,30
-26.3725,23.5239,30
-30.1,28.7167,30
-30.8167,29.35,30
-34.1,18.4667,30
-24.75,15.3667,30
-21.9833,16.9333,30
-30,25,30
-16.5,14,30
-23.0833,14.715,30
-32.0833,21.3333,30
-33.85,18.95,30
-25.0667,14.8833,30
-29.75,22.5,30
-31.7,23.75,30
-28.5,27,30
0,35.6667,30
8.91667,8.43333,30
0,0,30
13.7667,5.3,30
12.5,0.7,30
10.0167,9.58333,30
12.7333,15.05,30
13.05,3.16667,30
7.05,12.4333,30
12.85,11.0333,30
12.9167,11.9167,30
9.6,9.91667,30
9.91667,13.9833,30
11.4917,11.6583,30
11.85,8.21667,30
12.9,7.15,30
11.3333,10.0833,30
12.7667,9.8,30
12.8333,9.38333,30
8.96667,12.0833,30
12,1,30
6.75,8.5,30
12.9,0.08,30
14.052,0.42,30
14.25,1.53333,30
7.95,8.08333,30
11.7333,7.08333,30
13.2667,5.4,30
10,9,30
5.28333,8.25,30
13.7833,8.96667,30
18.7,4.8,30
22.8333,4.98333,30
18.673,7.34225,30
19.2667,5.91667,30
21.5167,1.58333,30
21.5167,1.3,30
21.55,1.36667,30
21.55,1.53333,30
21.55,1.68333,30
21.6,1.33333,30
21.6,1.45,30
21.6,1.66667,30
21.6333,1.26667,30
21.6333,1.4,30
21.6333,1.51667,30
21.6333,1.81667,30
21.6667,1.38333,30
21.6667,1.85,30
21.7167,1.5,30
21.7167,1.6,30
21.5907,1.52417,30
22.7833,4.15,30
18.0683,6.66833,30
18.237,6.51983,30
18.3003,6.50683,30
18.9167,6.25,30
26.6117,3.887,30
27.1333,0.2,30
25.2237,0.8456,30
25.1559,0.82213,30
25.0868,0.8324,30
26.4333,3.65556,30
24.1667,0.08333,30
25.5833,0.5,30
25.6333,0.53333,30
25.6333,0.5,30
25.5411,0.49667,30
25.3833,0.51667,30
24.4,1.03333,30
25.45,0.55,30
25.4667,0.66667,30
25.1333,0.46667,30
25.5333,0.56667,30
25.3,0.61667,30
25.3,0.63333,30
25.3333,0.46667,30
26.0731,0.36833,30
25.5339,0.36306,30
25.4369,0.49389,30
25.4756,0.70833,30
25.4631,0.70444,30
25.4367,0.48806,30
25.4036,0.52528,30
24.7186,0.20833,30
24.7344,0.20139,30
24.7461,0.19889,30
25.1381,0.28528,30
25.1319,0.41056,30
25.1144,0.31472,30
25.4339,0.01306,30
25.4403,0.07528,30
25.5261,0.60056,30
25.2258,0.17361,30
25.2531,0.14028,30
25.1436,0.39639,30
25.1606,0.29944,30
25.4886,0.22222,30
25.4997,0.66194,30
25.6047,0.40306,30
25.465,0.08361,30
25.4661,0.07944,30
25.4658,0.07361,30
25.4681,0.06861,30
25.4683,0.05722,30
25.5344,0.09444,30
25.5372,0.13722,30
25.5239,0.31806,30
25.4531,0.40167,30
25.3975,0.6075,30
25.1456,0.0475,30
25.2206,0.31028,30
25.4333,0.4,30
25.4,0.41667,30
25.4833,0.15,30
25.2667,0.15,30
25.3333,0.55,30
25.2167,0.21667,30
25.2833,0.2,30
25.3,0.2,30
25.4256,0.0975,30
25.1958,0.23667,30
25.4075,0.13639,30
25.1928,0.78611,30
25.5333,0.41667,30
25.25,0.1,30
25.2833,0.1,30
25.5833,0.4,30
25.2667,0.1,30
24.4382,0.103,30
24.424,0.12233,30
24.2222,0.4735,30
25.2403,0.19848,30
25.2128,0.03898,30
25.2904,0.05622,30
25.7561,0.26792,30
25.2333,0.15,30
28.95,0.81667,30
27.5,3.61667,30
27.6167,3.85,30
27.5833,3.81667,30
27.6,3.83333,30
27.5167,3.65,30
27.5333,3.7,30
27.55,3.61667,30
27.5167,3.83333,30
27.4667,3.78333,30
27.4333,3.71667,30
27.4667,3.83333,30
27.4167,3.71667,30
27.4667,3.88333,30
27.3833,3.71667,30
27.55,3.7,30
27.4833,3.83333,30
27.5167,3.73333,30
27.5,3.68333,30
27.5333,3.86667,30
27.5,3.48333,30
27.4833,3.63333,30
27.55,3.86667,30
27.5,3.83333,30
27.45,3.83333,30
27.5,3.9,30
27.45,3.75,30
27.5,3.88333,30
27.55,3.76667,30
27.4833,3.8,30
27.5,3.66667,30
27.4667,3.76667,30
27.5167,3.8,30
27.5,3.76667,30
27.5833,3.85,30
27.5667,3.81667,30
27.4667,3.71667,30
27.4333,3.75,30
27.4833,3.86667,30
27.4833,3.85,30
27.4833,3.75,30
27.4667,3.75,30
27.4667,3.86667,30
27.4667,3.9,30
27.4994,3.68889,30
27.5247,3.81139,30
27.5169,3.79139,30
27.4803,3.85139,30
27.5047,3.88194,30
27.4972,3.87028,30
27.4647,3.78167,30
27.6128,3.71361,30
27.5944,3.88583,30
27.5447,3.74306,30
27.5214,3.79139,30
27.5242,3.79694,30
27.5325,3.81361,30
27.5419,3.82778,30
27.5106,3.89111,30
27.4917,3.83278,30
27.5036,3.67306,30
27.4844,3.66639,30
27.4983,3.69444,30
27.5158,3.72722,30
27.5211,3.77333,30
27.5247,3.80972,30
27.6922,3.32167,30
27.5514,3.74194,30
27.5097,3.88056,30
27.5111,3.88444,30
27.5136,3.89694,30
27.5244,3.87361,30
27.4756,3.71028,30
27.5106,3.71306,30
27.5139,3.87528,30
27.5147,3.86556,30
27.5186,3.85722,30
27.5422,3.88444,30
27.4742,3.86417,30
27.5272,3.89806,30
27.4289,3.82,30
27.4908,3.89778,30
27.5081,3.84417,30
27.5519,3.81611,30
27.4606,3.88806,30
27.503,3.8795,30
27.5008,3.86983,30
27.4647,3.81417,30
27.4892,3.89,30
27.5005,3.88233,30
27.5897,3.781,30
27.4833,3.76667,30
27.4296,3.87135,30
27.4778,3.70165,30
27.5085,3.76383,30
27.4,3.75,30
27.4114,3.70467,30
27.3602,3.7,30
27.6167,3.86667,30
27.504,3.68167,30
27.5025,3.693,30
27.5167,3.86667,30
27.5187,3.88033,30
27.5092,3.88767,30
27.512,3.89783,30
27.509,3.89583,30
27.5022,3.86083,30
27.5027,3.8725,30
27.5008,3.86617,30
28.05,0.16667,30
27.8167,0.13333,30
28.4625,1.025,30
28.3125,0.23333,30
27.8667,0.45,30
29.1667,3.73333,30
30.0167,2.98333,30
29.7588,1.88467,30
28.6042,1.04167,30
28.2958,0.025,30
28.0167,0.3,30
28.2977,0.6665,30
28.2983,0.66667,30
28.3,0.5,30
27.8917,0.21667,30
27.3703,0.70617,30
30.2831,3.62,30
28.1167,0.53333,30
26.6093,3.93567,30
26.6258,3.94433,30
26.6087,4.053,30
26.9667,4.4,30
27.3333,4.5,30
24.9478,6.94306,30
27.2667,6.76667,30
27.5167,3.91667,30
27.55,3.93333,30
27.5833,3.96667,30
27.55,4.13333,30
27.5333,4,30
27.5333,3.91667,30
27.55,4,30
27.55,4.08333,30
27.5,3.98333,30
27.5167,4.06667,30
27.5667,4.15,30
27.5833,3.95,30
27.45,4.11667,30
27.5167,3.96667,30
27.4667,3.95,30
27.5667,4.03333,30
27.5833,4,30
27.55,4.03333,30
27.4667,4.05,30
27.5833,4.08333,30
27.5667,4.08333,30
27.5833,4.06667,30
27.5333,3.95,30
27.55,4.01667,30
27.5,3.93333,30
27.5167,4,30
27.5667,4.01667,30
27.5833,4.11667,30
27.5667,3.95,30
27.5769,4.03389,30
27.5558,4.14,30
27.5019,3.92111,30
27.5739,4.11972,30
27.5011,4.09861,30
27.5189,4.01667,30
27.5639,3.92639,30
27.5222,3.94694,30
27.5611,4.05556,30
27.5703,4.075,30
27.5353,3.91278,30
27.5453,4.04861,30
27.4833,3.91556,30
27.5828,4,30
27.5869,3.96417,30
27.5597,4.01028,30
27.5786,3.96889,30
27.5503,3.99806,30
27.5455,4.06117,30
27.5592,4.093,30
27.5833,4.1,30
27.5833,4.01667,30
27.5667,4.06667,30
27.558,4.015,30
27.5833,4.03333,30
27.4286,4.12417,30
27.8167,4.03333,30
27.6333,3.96667,30
27.7333,4.08333,30
27.75,4.1,30
27.7,4.08333,30
27.7,4.06667,30
27.6167,4.05,30
27.75,4.15,30
27.7333,4.05,30
27.7,3.93333,30
27.6333,4.06667,30
27.7167,4.13333,30
27.65,4.03333,30
27.6,3.96667,30
27.6,4.05,30
27.6667,4.08333,30
27.6333,4.08333,30
27.6,4.11667,30
27.6667,4.01667,30
27.6,3.98333,30
27.7333,4.11667,30
27.5922,3.91806,30
27.6464,3.98306,30
27.6389,3.93444,30
27.6453,3.94389,30
27.6844,3.99389,30
27.6361,4.03139,30
27.6356,4.02528,30
27.6217,3.95361,30
27.6397,4.14528,30
27.6392,4.14278,30
27.6386,4.12722,30
27.6428,4.06889,30
27.6314,4.10722,30
27.5914,3.98806,30
27.6497,4.01194,30
27.6336,4.04139,30
27.6022,3.98528,30
27.6236,4.02556,30
27.6006,3.99556,30
27.6639,4.09806,30
27.7333,4.13333,30
27.6167,4.06667,30
27.7,4.13333,30
27.7667,4.01667,30
27.6093,3.93567,30
27.6395,3.935,30
27.6625,3.97683,30
27.6333,3.93333,30
27.5833,4.25,30
27.5667,4.16667,30
27.5,4.28333,30
27.5333,4.16667,30
27.5,4.3,30
27.5667,4.35,30
27.5333,4.18333,30
27.5667,4.33333,30
27.5167,4.23333,30
27.5833,4.16667,30
27.5781,4.36917,30
27.55,4.2,30
27.5833,4.3,30
27.5816,4.29388,30
27.4789,4.19806,30
27.3503,4.2025,30
27.5175,4.19111,30
27.5781,4.3225,30
27.5097,4.16111,30
27.4,4.35,30
27.75,4.16667,30
27.8,4.16667,30
27.7833,4.28333,30
27.6667,4.2,30
27.6667,4.25,30
27.6833,4.33333,30
27.6667,4.35,30
27.6333,4.35,30
27.6,4.3,30
27.6,4.25,30
27.6333,4.28333,30
27.6333,4.25,30
27.7,4.35,30
27.6667,4.18333,30
27.7,4.26667,30
27.6333,4.3,30
27.7167,4.38333,30
27.6167,4.2,30
27.6333,4.36667,30
27.7333,4.16667,30
27.7333,4.2,30
27.65,4.23333,30
27.65,4.3,30
27.6833,4.35,30
27.7,4.3,30
27.6,4.2,30
27.6667,4.28333,30
27.6667,4.23333,30
27.6667,4.21667,30
27.65,4.25,30
27.6667,4.16667,30
27.6,4.16667,30
27.6,4.18333,30
27.65,4.2,30
27.7375,4.32806,30
27.6908,4.37861,30
27.6881,4.37194,30
27.6811,4.30694,30
27.69,4.37861,30
27.6403,4.17056,30
27.8261,4.24611,30
27.7406,4.30833,30
27.7347,4.31611,30
27.7394,4.32833,30
27.6706,4.34611,30
27.6911,4.3375,30
27.6947,4.30639,30
27.715,4.19278,30
27.7272,4.17056,30
27.6339,4.18722,30
27.6336,4.17306,30
27.6544,4.27528,30
27.7006,4.22944,30
27.7061,4.20583,30
27.7947,4.16722,30
27.6167,4.19056,30
27.7081,4.24806,30
27.6658,4.19056,30
27.7092,4.17444,30
27.5903,4.15194,30
27.6872,4.18361,30
27.6456,4.20444,30
27.6836,4.25306,30
27.6997,4.18611,30
27.6875,4.245,30
27.7333,4.21667,30
27.65,4.38333,30
27.6833,4.26667,30
27.7167,4.26667,30
27.6197,4.265,30
27.7333,4.19833,30
27.6833,4.3,30
27.6888,4.386,30
27.6725,4.35667,30
27.5962,4.172,30
27.5917,4.31694,30
27.8333,4.28333,30
27.9793,4.27817,30
27.8407,4.31433,30
27.8,4.46667,30
27.7167,4.48333,30
27.7333,4.4,30
27.6833,4.41667,30
27.65,4.46667,30
27.65,4.43333,30
27.7833,4.7,30
27.65,4.5,30
27.6167,4.41667,30
27.6,4.41667,30
27.6167,4.56667,30
27.7167,4.78333,30
27.6833,4.48333,30
27.6333,4.51667,30
27.75,4.43333,30
27.6667,4.51667,30
27.7333,4.43333,30
27.6667,4.46667,30
27.8,4.5,30
27.7667,4.53333,30
27.6667,4.45,30
27.5089,4.60167,30
27.6686,4.425,30
27.7172,4.44806,30
27.6461,4.39722,30
27.6853,4.50333,30
27.7092,4.42083,30
27.67,4.49722,30
27.6219,4.45556,30
27.7186,4.48611,30
27.6825,4.42028,30
27.5928,4.40139,30
27.5906,4.66278,30
27.672,4.52633,30
27.6123,4.5285,30
27.5008,4.87467,30
27.7667,4.41667,30
27.7,4.48333,30
27.7,4.51667,30
27.6843,4.42917,30
27.667,4.64833,30
27.6782,4.46533,30
27.7,4.45,30
27.6892,4.44267,30
27.3667,4.5,30
27.4358,4.63861,30
27.5764,4.52528,30
27.5078,4.60167,30
27.5697,4.52556,30
27.8333,4.7,30
29.1266,4.71773,30
28.9,4.51667,30
27.5997,4.90361,30
27.3606,4.94472,30
30.3619,5.30083,30
29.685,4.03194,30
29.6989,4.05889,30
29.7594,4.20861,30
29.7631,4.23528,30
29.5372,4.22639,30
29.7397,4.22139,30
29.71,4.19028,30
30.0622,4.55722,30
30.1303,4.48306,30
29.8183,4.38228,30
30.0196,4.55562,30
29.975,4.66667,30
29.3667,4.75,30
29.5333,4.31667,30
28.25,7,30
19.0833,8.38333,30
20.5,9,30
19.6401,9.35545,30
18.5,10.4,30
18.6104,10.4941,30
17.6799,10.035,30
18.2123,10.1777,30
20.1259,10.2056,30
21.229,10.7563,30
20.7145,11.1157,30
20.5678,11.3458,30
20.537,9.53783,30
20.8183,12.9733,30
20.7633,10.4417,30
19.949,11.933,30
19.696,11.5268,30
20.0098,11.8657,30
19.955,11.8752,30
19.9193,11.8818,30
19.9112,11.8752,30
20.2012,11.587,30
20.3583,11.85,30
26.75,8.88333,30
27.1292,8.66722,30
25,10.8333,30
29.865,11.6917,30
29.5064,11.4986,30
29.4656,11.4333,30
29.2681,11.7053,30
29.6267,11.6939,30
29.6453,11.6647,30
29.6278,11.7025,30
29.2705,11.6702,30
29.2507,11.2517,30
29.3617,11.2458,30
29.2208,11.5407,30
29.187,11.6017,30
29.1863,11.6057,30
29.1762,11.6338,30
29.4498,11.3612,30
29.4437,11.3538,30
28.8585,11.4322,30
28.75,11.5667,30
29.021,10.5378,30
29.2705,11.54,30
29.3397,11.6243,30
29.351,11.593,30
29.3785,11.5463,30
29.0362,11.5065,30
28.9583,10.5917,30
29.3108,11.6025,30
31,11.6667,30
30.9667,11.6167,30
30.7482,10.2102,30
30.7958,10.2456,30
30.8193,10.2503,30
30.9679,10.0459,30
30.9676,10.0468,30
30.9715,10.055,30
30.9756,10.0903,30
30.9337,10.0653,30
30.9347,10.0694,30
30.9802,10.0065,30
30.9342,10.0694,30
30.934,10.0694,30
30.9308,10.0515,30
25.5712,12.3712,30
27.225,15.0295,30
26.25,13.0167,30
25.5957,15.4225,30
23.8,12.3167,30
26.8,13.5833,30
26.4455,15.5925,30
27.1388,15.5475,30
29,12.2333,30
28.9833,12.15,30
28.9833,12.1833,30
28.95,12.4667,30
28.8833,12.4833,30
28.9,12.5833,30
28.75,12.6833,30
28.65,12.6333,30
28.6167,12.5333,30
28.6333,12.6333,30
28.7167,12.6333,30
28.8333,12.5167,30
29.0333,12.4167,30
29.05,12.4833,30
29.0667,12.6833,30
28.9667,12.6167,30
28.9333,12.3333,30
28.8833,12.4167,30
28.8667,12.65,30
28.8167,12.55,30
28.8333,12.3,30
29.0667,12.6,30
29.1167,12.35,30
29.1,11.8333,30
29.1667,12.0833,30
29.0737,11.8765,30
28.7647,12.3437,30
28.7758,12.3368,30
28.7777,12.3355,30
28.7547,12.5868,30
29.0318,12.381,30
29.1613,12.45,30
29.2125,12.5218,30
28.8562,12.5987,30
28.9047,12.5557,30
28.969,12.357,30
28.9755,12.3397,30
29.189,12.2658,30
29.1878,12.2548,30
28.8165,12.6068,30
29.0093,12.6637,30
29.036,12.6328,30
28.8768,12.4202,30
28.8705,12.4088,30
28.7582,12.6073,30
28.8438,12.5365,30
28.911,12.5548,30
29.1228,12.3588,30
28.932,12.6253,30
28.9593,12.334,30
28.6595,12.4132,30
28.66,12.6483,30
29.1423,11.8832,30
29.1362,11.9257,30
29.1088,12.012,30
29.087,12.0778,30
29.076,11.9753,30
28.8545,12.2042,30
29.0152,12.6678,30
29.1452,12.0425,30
29.1025,11.9543,30
29.0755,12.5778,30
29.0952,12.5655,30
29.0148,12.6275,30
28.7833,12.5333,30
29.1,12.3167,30
29.0167,12.3667,30
29.1667,12.3167,30
29.0833,12.4667,30
29.1405,11.8962,30
28.9707,12.206,30
29.0893,12.427,30
29.1825,12.2618,30
28.854,12.5223,30
28.6523,12.3855,30
29.2113,11.8987,30
28.8316,12.6322,30
28.6507,12.6913,30
29.142,11.8958,30
29.1012,12.0333,30
28.4667,12.8167,30
28.65,12.7,30
28.8,12.7167,30
28.7667,12.8333,30
28.7833,13.0333,30
28.6167,12.9453,30
28.6823,13.0708,30
28.533,13.1452,30
28.7988,12.9593,30
28.673,13.1647,30
28.6342,12.7257,30
28.6337,12.724,30
28.6397,12.7143,30
28.7672,12.8988,30
28.7877,12.8702,30
28.6495,13.0213,30
28.6078,13.17,30
28.6667,12.9333,30
28.7848,12.9102,30
28.5008,13.1053,30
28.6602,12.8663,30
28.6068,13.168,30
28.6147,13.16,30
28.6182,13.1715,30
28.5885,12.9528,30
28.6002,12.9178,30
28.6232,13.1317,30
28.5592,13.009,30
28.5145,12.8968,30
28.4723,13.1818,30
28.466,13.1242,30
28.475,12.9465,30
28.4843,12.8575,30
28.5015,13.0323,30
28.4668,12.8947,30
28.4715,13.0187,30
28.4883,13.095,30
28.5097,12.9663,30
28.517,13.0593,30
28.4782,13.0198,30
28.5138,13.0072,30
28.5637,12.9047,30
28.6253,12.8745,30
28.6602,12.75,30
28.7197,12.8643,30
28.5157,12.8572,30
28.5533,13.029,30
28.555,13.0327,30
28.5008,13.029,30
28.589,13.0985,30
28.6465,13.143,30
28.6318,13.086,30
28.6178,13.1468,30
28.5845,12.9045,30
28.4807,13.0313,30
28.7325,13.1025,30
28.5332,12.9815,30
28.572,13.1525,30
28.5888,13.1065,30
28.4412,12.9795,30
28.6522,13.1412,30
28.5133,13.005,30
28.548,13.0285,30
28.5263,13.0652,30
28.6093,13.0492,30
28.4782,13.1442,30
28.4375,12.9752,30
28.643,12.7753,30
28.8045,12.8183,30
28.613,12.9472,30
28.455,12.8508,30
28.4552,12.8682,30
28.4518,12.8735,30
28.582,12.8852,30
28.4392,12.8853,30
28.4788,12.8637,30
28.438,12.8293,30
28.4572,12.8705,30
28.4538,12.8677,30
28.686,12.9027,30
28.4378,12.8867,30
28.4545,12.867,30
28.4592,12.8693,30
28.4595,12.8707,30
28.463,12.8568,30
28.4415,12.8847,30
28.4578,12.8643,30
28.4567,12.8683,30
28.4697,12.8598,30
28.4702,12.972,30
28.4392,12.8862,30
28.455,12.8697,30
28.4407,12.8817,30
28.6827,13.1022,30
28.6452,13.1022,30
28.6985,13.0412,30
28.7678,12.7265,30
28.4685,12.8973,30
28.9667,12.7,30
28.9167,12.7667,30
28.9167,12.9167,30
28.85,12.85,30
28.8167,12.9667,30
28.8167,12.7333,30
28.85,13.0667,30
29.0833,12.7667,30
28.8435,12.9968,30
28.9137,13.0865,30
28.988,13.0613,30
28.9898,13.0598,30
28.94,13.0665,30
28.9408,13.0665,30
28.9455,13.0695,30
28.9513,13.075,30
28.973,13.1007,30
28.9162,13.0485,30
28.8328,13.1385,30
28.9308,13.126,30
29.0412,12.8857,30
28.8087,12.9002,30
28.8287,12.9283,30
28.9597,12.8712,30
28.9497,13.0807,30
28.9497,13.0832,30
29.0557,13.1194,30
28.9902,12.9386,30
29.0785,13.1312,30
28.9953,12.9832,30
29.0438,13.0295,30
29.144,13.0865,30
28.9906,12.9799,30
28.7833,13.2167,30
28.4903,13.3055,30
28.653,13.2218,30
28.62,13.3618,30
28.5958,13.269,30
28.5848,13.3873,30
28.4672,13.317,30
28.4875,13.2242,30
28.6647,13.3812,30
28.6008,13.4578,30
28.6033,13.4367,30
28.6217,13.4503,30
28.6262,13.4007,30
28.6572,13.3272,30
28.662,13.2973,30
28.6768,13.4222,30
28.6765,13.4277,30
28.579,13.3303,30
28.5757,13.3118,30
28.5757,13.295,30
28.6427,13.268,30
28.6888,13.4185,30
28.5937,13.4645,30
28.6683,13.3447,30
28.4953,13.3725,30
28.4945,13.3397,30
28.4815,13.319,30
28.4752,13.1963,30
28.4618,13.1985,30
28.4623,13.1945,30
28.5265,13.3023,30
28.5272,13.3055,30
28.5305,13.3892,30
28.5197,13.371,30
28.4107,13.2533,30
28.6917,13.2197,30
28.663,13.4698,30
28.651,13.4683,30
28.6003,13.5775,30
28.617,13.4003,30
28.5882,13.4508,30
28.5403,13.2197,30
28.6115,13.5583,30
28.6303,13.3335,30
28.5448,13.3522,30
28.7055,13.3167,30
28.58,13.457,30
28.6677,13.5035,30
28.6022,13.431,30
28.6188,13.3627,30
28.6222,13.3205,30
28.6367,13.1965,30
28.6595,13.3057,30
28.5877,13.2542,30
28.5998,13.3088,30
28.6035,13.3007,30
28.6107,13.3342,30
28.698,13.3193,30
28.7122,13.2737,30
28.7388,13.2363,30
28.647,13.3882,30
28.6435,13.4067,30
28.6453,13.4332,30
28.6547,13.4587,30
28.6552,13.4702,30
28.55,13.3502,30
28.6213,13.2588,30
28.633,13.2237,30
28.525,13.1983,30
28.5652,13.2763,30
28.5888,13.334,30
28.6087,13.4395,30
28.564,13.2787,30
28.4782,13.2565,30
28.4822,13.2392,30
28.482,13.3187,30
28.5027,13.2313,30
28.6448,13.323,30
28.6002,13.4235,30
28.5113,13.2042,30
28.4925,13.213,30
28.388,13.2082,30
28.5368,13.312,30
28.5408,13.3992,30
28.6547,13.4588,30
28.8685,13.303,30
28.8127,13.4227,30
28.8515,13.4037,30
28.8525,13.4835,30
29.0386,13.2071,30
29.2355,13.4452,30
29.2887,13.4985,30
29.6425,11.7322,30
29.5981,11.9403,30
29.5789,11.7494,30
29.5972,11.7417,30
29.5981,11.7417,30
29.5631,12.0308,30
29.6106,12.1078,30
29.6478,11.7469,30
29.6178,11.7736,30
29.6314,11.7619,30
29.5114,11.9911,30
29.4383,11.8783,30
29.4811,12.1406,30
29.4192,12.125,30
29.6647,11.7764,30
29.4128,11.9533,30
29.3781,11.8867,30
29.5094,11.8061,30
29.5833,11.7833,30
29.6289,11.7878,30
29.6003,12.2389,30
29.3281,11.7822,30
29.3022,11.9164,30
29.3044,11.9072,30
29.3631,11.9967,30
29.5333,12.2667,30
29.6333,11.7333,30
29.6167,11.75,30
30.6583,12.3067,30
30.2082,12.9373,30
29.3187,12.0102,30
29.8915,12.1862,30
30.1198,12.1135,30
29.4463,13.204,30
29.324,13.5653,30
29.8186,12.9465,30
29.914,13.0405,30
30.0345,13.1302,30
29.4833,12.1233,30
30.545,13.5819,30
29.4197,13.255,30
30.4667,13.55,30
30.9167,11.7833,30
30.9,11.7833,30
28.2142,15.5508,30
28.2877,15.4947,30
28.2488,15.5183,30
29.3594,14.2553,30
29.3797,14.2697,30
29.3583,14.2483,30
29.3658,14.2761,30
29.3945,14.2923,30
13.6603,28.96,30
2,22.6667,30
5.38333,16.3833,30
2.88333,30.8333,30
14,28,30
11.6333,24.6833,30
4.66667,29.25,30
13.4667,31.2167,30
1,22.5,30
11.35,16.15,30
26.1,16.0667,30
26.1,16.0833,30
26.7717,16.1113,30
26.8073,15.9015,30
26.8548,15.9753,30
26.8,16.0667,30
26.812,15.8747,30
26.4277,15.8483,30
26.8425,15.6918,30
26.5667,15.7333,30
27.0117,15.8648,30
26.9917,15.7745,30
27.1372,15.8445,30
27.3017,15.7645,30
27.0977,16.0255,30
27.0847,16.0368,30
27.0705,16.0945,30
27.0655,16.0875,30
27.0757,16.0663,30
27.0833,16.055,30
27.0962,16.0257,30
27.0715,16.091,30
27.0958,16.0368,30
27.086,16.0368,30
27.0902,16.032,30
27.0875,16.051,30
27.0882,16.0575,30
27.0873,16.058,30
27.0898,16.0867,30
27.0173,16.0885,30
27.0697,16.0708,30
27.0555,16.0507,30
27.05,16.05,30
27.0667,16.0667,30
27.0833,16.0833,30
27.0808,16.0563,30
27.0697,16.0965,30
27.0655,16.0798,30
27.083,16.0535,30
27.057,16.0958,30
27.0932,16.0493,30
27.0833,16.05,30
27.0833,16.0667,30
27.0833,16.0167,30
26.9583,16.0333,30
27.155,15.9583,30
27.1565,15.9525,30
27.1698,15.9255,30
27.1278,15.9712,30
27.1455,15.9507,30
27.167,15.9393,30
27.1597,15.9628,30
27.203,15.9007,30
27.1705,15.9452,30
27.1828,15.9423,30
27.1647,15.943,30
27.1615,15.9508,30
27.1512,15.9665,30
27.1405,15.9748,30
27.1528,15.9627,30
27.1685,15.9583,30
27.1432,15.873,30
27.2022,15.893,30
27.1983,15.9012,30
27.197,15.9045,30
27.1732,15.9373,30
27.2023,15.8958,30
27.1743,15.9205,30
27.1177,16.0745,30
27.1255,16.0582,30
27.1263,16.0307,30
27.1623,16.0953,30
27.1048,16.0113,30
27.1142,16.0015,30
27.2017,16.093,30
27.1527,16.1062,30
27.1055,16.0458,30
27.1288,16.035,30
27.1603,16.0353,30
27.1997,16.0357,30
27.1045,16.0098,30
27.1073,16.0223,30
27.1048,16.0632,30
27.1182,16.0272,30
27.1008,16.0233,30
27.1102,16.0182,30
27.1355,16.0302,30
27.1425,16.0295,30
27.143,16.028,30
27.1585,16.0313,30
27.2202,16.0332,30
27.1202,16.1112,30
27.1212,16.1088,30
27.1295,16.0687,30
27.1205,16.0235,30
27.1702,16.0355,30
27.1468,16.0502,30
27.1353,16.052,30
27.1338,16.0653,30
27.1323,16.068,30
27.1345,16.0893,30
27.184,16.1118,30
27.1957,16.1003,30
27.1958,16.0132,30
27.133,16.0395,30
27.1117,16.0298,30
27.1047,16.0117,30
27.1075,16.0358,30
27.1107,16.0702,30
27.1185,16.1033,30
27.1205,16.1122,30
27.1013,16.0215,30
27.1038,16.0325,30
27.1562,16.029,30
27.111,16.0217,30
27.1107,16.0258,30
27.108,16.071,30
27.102,16.0202,30
27.1117,16.0133,30
27.1165,16.083,30
27.1178,16.0853,30
27.1485,16.0945,30
27.1027,16.0283,30
27.1067,16.0085,30
27.1282,16.004,30
27.1183,16.0102,30
27.0997,16.0347,30
27.117,16.0153,30
27.1245,15.9917,30
27.1203,16.063,30
27.1213,16.0685,30
27.1275,16.104,30
27.126,16.1065,30
27.1658,16.0862,30
27.1522,16.0568,30
27.1827,16.0905,30
27.1948,16.0692,30
27.1975,16.062,30
27.2025,16.0527,30
27.216,16.0323,30
27.1862,16.1112,30
27.1453,16.0837,30
27.1477,16.0808,30
27.165,16.0208,30
27.1595,16.0528,30
27.1095,16.0745,30
27.1047,16.0087,30
27.179,16.1127,30
27.1725,16.0813,30
27.1513,16.045,30
27.1547,16.079,30
27.185,16.0995,30
27.2028,16.0577,30
27.2022,16.0583,30
27.1425,16.0595,30
27.2,16.1,30
27.1333,16.0833,30
27.2033,16.0715,30
27.1833,16.0833,30
27.1118,16.0843,30
27.1112,16.0843,30
27.1417,16.0865,30
27.1365,16.0835,30
27.2033,16.0818,30
27.1238,16.1123,30
27.1515,16.0827,30
27.1555,16.0777,30
27.1515,16.083,30
27.1312,16.1132,30
27.1273,16.0223,30
27.1631,16.0044,30
27.1168,16.1003,30
27.1167,16.05,30
27.1333,16.1,30
27.1318,16.05,30
27.1382,16.0372,30
27.1895,16.0645,30
27.1088,16.0598,30
27.1967,16.0885,30
27.1543,16.0332,30
27.1333,16.05,30
27.1207,16.084,30
27.1283,16.0508,30
27.1522,16.1032,30
27.1343,16.1102,30
27.1,16.1,30
27.15,16.1,30
27.1167,16.1,30
27.1167,16.0667,30
27.1083,16.0583,30
27.2,16.0833,30
27.1333,16.0167,30
27.2173,16.0927,30
27.1177,16.0265,30
27.1327,15.9925,30
27.1108,16.0442,30
27.2752,16.0938,30
27.3202,16.0775,30
27.2332,16.0293,30
27.2705,16.0407,30
27.2585,16.0923,30
27.2525,16.0837,30
27.2548,16.0067,30
27.2498,16.0205,30
27.2512,16.0733,30
27.3267,16.0957,30
27.2862,16.0747,30
27.292,16.112,30
27.2435,16.081,30
27.2267,16.113,30
27.2668,16.0668,30
27.2525,16.0697,30
27.2528,16.0717,30
27.2718,16.0535,30
27.2668,16.072,30
27.2807,16.0618,30
27.2527,16.0705,30
27.2803,16.067,30
27.2718,16.0567,30
27.2718,16.0768,30
27.2358,16.0603,30
27.2783,16.1083,30
27.3128,15.9935,30
27.2606,16.0075,30
27.2586,16.0114,30
27.2833,16.1,30
27.3,16.1,30
27.2333,16.1,30
26.6962,16.3275,30
26.75,16.4333,30
26.4767,16.4608,30
27.098,16.3223,30
27.0927,16.3132,30
27.092,16.3,30
27.0808,16.201,30
27.0772,16.1932,30
27.0775,16.1692,30
27.0805,16.1257,30
27.0827,16.1378,30
27.0868,16.1748,30
27.0843,16.119,30
27.0108,16.1817,30
27.0833,16.25,30
27.0773,16.217,30
27.0815,16.148,30
27.0913,16.289,30
27.0612,16.1782,30
27.0697,16.1675,30
26.9447,16.1793,30
27.0887,16.1432,30
27.0133,16.1875,30
27.0338,16.326,30
27.0987,16.1413,30
27.0992,16.1403,30
27.0828,16.129,30
26.9602,16.3403,30
27.0555,16.136,30
27.0715,16.1158,30
27.0187,16.3203,30
27.0837,16.1337,30
27.0758,16.3268,30
27.0993,16.1553,30
27.0865,16.1732,30
26.9932,16.1393,30
26.979,16.3108,30
27.028,16.2828,30
27.039,16.2612,30
27.0292,16.2293,30
26.95,16.15,30
27.05,16.35,30
27,16.1333,30
27.0333,16.1833,30
27.05,16.15,30
27.0333,16.1333,30
27.0667,16.15,30
27.0817,16.2833,30
26.958,16.335,30
27.0267,16.2642,30
27.035,16.1615,30
26.9807,16.3463,30
26.95,16.35,30
27.0127,16.2778,30
27.0833,16.1167,30
27.0345,16.1428,30
27.0928,16.1272,30
27.0652,16.1398,30
27,16.35,30
27.0333,16.35,30
26.9567,16.3475,30
26.9658,16.348,30
26.9802,16.3497,30
27.098,16.1217,30
27.1872,16.189,30
27.1583,16.1147,30
27.1527,16.1565,30
27.1522,16.1732,30
27.1647,16.1692,30
27.1915,16.1345,30
27.1462,16.1637,30
27.1143,16.145,30
27.1135,16.143,30
27.1692,16.1353,30
27.1497,16.21,30
27.1675,16.1407,30
27.1835,16.1152,30
27.1303,16.1565,30
27.1332,16.1633,30
27.159,16.22,30
27.1672,16.1505,30
27.1698,16.1432,30
27.147,16.1585,30
27.1575,16.208,30
27.1403,16.2047,30
27.185,16.1335,30
27.186,16.1308,30
27.1867,16.1228,30
27.1915,16.115,30
27.1202,16.2083,30
27.1653,16.1448,30
27.1837,16.1158,30
27.1248,16.1208,30
27.127,16.1293,30
27.141,16.1678,30
27.152,16.197,30
27.1308,16.1323,30
27.1415,16.1648,30
27.1653,16.2132,30
27.188,16.1288,30
27.1885,16.1308,30
27.2035,16.2,30
27.2067,16.2045,30
27.2102,16.2208,30
27.1073,16.1263,30
27.1232,16.223,30
27.1283,16.2097,30
27.1838,16.1288,30
27.0997,16.1178,30
27.1025,16.134,30
27.135,16.2335,30
27.1685,16.1845,30
27.1042,16.1175,30
27.1302,16.2318,30
27.1937,16.2077,30
27.182,16.1502,30
27.1048,16.1195,30
27.2165,16.15,30
27.1838,16.1143,30
27.1513,16.1268,30
27.1688,16.1382,30
27.1518,16.2337,30
27.1878,16.1385,30
27.2027,16.1172,30
27.2052,16.1393,30
27.117,16.121,30
27.1015,16.1378,30
27.1667,16.1333,30
27.1167,16.1833,30
27.15,16.2167,30
27.15,16.2,30
27.1667,16.1667,30
27.2192,16.2263,30
27.1833,16.1167,30
27.1833,16.1333,30
27.1333,16.1167,30
27.1368,16.1455,30
27.2167,16.1333,30
27.2167,16.15,30
27.1333,16.2,30
27.2167,16.1167,30
27.1967,16.1972,30
27.1318,16.2077,30
27.2582,16.1355,30
27.3055,16.2092,30
27.279,16.2173,30
27.2987,16.1668,30
27.2323,16.196,30
27.3333,16.2167,30
27.3302,16.2312,30
27.3283,16.2187,30
27.2417,16.2327,30
27.28,16.1478,30
27.2855,16.176,30
27.2913,16.2133,30
27.325,16.165,30
27.2915,16.2133,30
27.2387,16.1297,30
27.3373,16.2013,30
27.3128,16.232,30
27.2667,16.1167,30
27.3003,16.1777,30
27.2888,16.1153,30
27.3103,16.2325,30
27.311,16.234,30
27.3,16.2,30
27.2695,16.1378,30
27.2768,16.1257,30
27.3002,16.1412,30
27.2912,16.1275,30
27.2838,16.1713,30
27.2333,16.1167,30
27.3333,16.1667,30
27.305,16.2017,30
27.2787,16.2165,30
27.25,16.1333,30
27.25,16.1833,30
27.2333,16.15,30
27.3312,16.2035,30
27.3272,16.2167,30
27.132,16.2977,30
27.1295,16.3435,30
27.1038,16.3087,30
27.1077,16.3238,30
27.1097,16.3515,30
27.1107,16.3567,30
27.1338,16.331,30
27.1393,16.2727,30
27.1025,16.2382,30
27.1902,16.3083,30
27.2217,16.25,30
27.182,16.3002,30
27.2017,16.3112,30
27.1832,16.3308,30
27.1523,16.2672,30
27.155,16.2788,30
27.1355,16.3205,30
27.1912,16.2777,30
27.1382,16.2723,30
27.1772,16.2668,30
27.1857,16.3183,30
27.2183,16.2542,30
27.1145,16.3552,30
27.1148,16.3433,30
27.1127,16.3158,30
27.1122,16.2963,30
27.1837,16.3003,30
27.1885,16.3148,30
27.1113,16.2797,30
27.1212,16.331,30
27.1222,16.312,30
27.129,16.2655,30
27.1552,16.2825,30
27.2035,16.3115,30
27.1787,16.259,30
27.1885,16.3502,30
27.1887,16.3185,30
27.1887,16.3338,30
27.2002,16.3502,30
27.2015,16.3552,30
27.1877,16.335,30
27.1855,16.3168,30
27.1835,16.3027,30
27.1835,16.3017,30
27.186,16.287,30
27.1868,16.288,30
27.211,16.3518,30
27.1915,16.2937,30
27.1908,16.2928,30
27.2012,16.3175,30
27.2137,16.2815,30
27.1627,16.296,30
27.1523,16.3373,30
27.1,16.35,30
27.1167,16.3167,30
27.152,16.316,30
27.1833,16.2667,30
27.125,16.3453,30
27.1125,16.3317,30
27.113,16.3362,30
27.3038,16.2448,30
27.3032,16.2547,30
27.3052,16.2642,30
27.3048,16.3002,30
27.2688,16.2363,30
27.2783,16.2772,30
27.231,16.249,30
27.3333,16.25,30
27.2538,16.3023,30
27.2618,16.2613,30
27.23,16.3122,30
27.2248,16.2438,30
27.3237,16.2768,30
27.2218,16.2455,30
27.3342,16.2873,30
27.3308,16.2832,30
27.2315,16.3262,30
27.2527,16.2698,30
27.2363,16.3538,30
27.3042,16.3222,30
27.2735,16.3383,30
27.2353,16.338,30
27.3167,16.2667,30
27.3167,16.2833,30
27.25,16.35,30
27.2777,16.2372,30
27.2735,16.2402,30
27.3403,16.2857,30
27.3307,16.2805,30
26.9715,16.4513,30
26.97,16.4625,30
26.9633,16.4593,30
26.9282,16.476,30
26.9703,16.3608,30
26.9402,16.419,30
26.9642,16.4692,30
26.9667,16.4167,30
26.9333,16.4667,30
26.9667,16.3667,30
26.95,16.4667,30
26.95,16.45,30
26.9667,16.4333,30
26.9667,16.3833,30
26.9667,16.4,30
26.9333,16.4167,30
26.9708,16.3857,30
26.9738,16.3752,30
26.9618,16.4502,30
26.9483,16.478,30
26.9675,16.4497,30
26.9705,16.469,30
26.9702,16.4697,30
26.9138,16.465,30
26.9748,16.3902,30
26.9758,16.467,30
26.9763,16.4675,30
26.972,16.468,30
26.9653,16.4687,30
26.9703,16.4572,30
26.911,16.4568,30
26.95,16.3833,30
26.9415,16.4212,30
27.0477,16.4515,30
27.0523,16.4263,30
27.056,16.399,30
27.0407,16.4043,30
27.0462,16.3722,30
27.0135,16.3658,30
27.0413,16.3877,30
27.0431,16.4117,30
27.0258,16.3878,30
27.035,16.3813,30
27.0337,16.3833,30
27.0358,16.3853,30
27.0337,16.4055,30
27.0452,16.3817,30
27.0457,16.3795,30
27.0465,16.3727,30
27.0505,16.4052,30
27.0512,16.3923,30
27.0758,16.4533,30
27.0733,16.4308,30
27.0772,16.3982,30
27.0378,16.4685,30
27.0472,16.4413,30
27.058,16.4022,30
27.0993,16.3798,30
27.028,16.3587,30
27.0177,16.3883,30
27.0232,16.4132,30
27.0937,16.4205,30
27.0527,16.4313,30
26.98,16.405,30
26.9817,16.4583,30
26.9833,16.3833,30
27.0167,16.3667,30
27.0333,16.3833,30
27.05,16.3833,30
27,16.4,30
27.05,16.4,30
27.0833,16.3833,30
27.0167,16.4167,30
27.0833,16.3667,30
26.9833,16.4167,30
26.9833,16.4,30
27,16.3833,30
27,16.4167,30
26.9835,16.4683,30
26.9837,16.4453,30
26.9847,16.4448,30
26.991,16.4443,30
26.9923,16.4375,30
26.9872,16.4372,30
27.0162,16.468,30
26.9833,16.44,30
26.9988,16.4428,30
27.0188,16.434,30
27.0415,16.4008,30
26.9902,16.4475,30
26.9993,16.431,30
26.9933,16.4505,30
26.9872,16.4373,30
27.0003,16.4462,30
26.9945,16.452,30
27.0468,16.4088,30
27.0055,16.4728,30
27.0145,16.3887,30
26.9872,16.437,30
27.057,16.445,30
26.9868,16.4402,30
26.9942,16.4518,30
26.994,16.4522,30
26.99,16.3978,30
26.9833,16.4617,30
26.9945,16.4537,30
26.9953,16.4468,30
26.9818,16.4312,30
26.9952,16.4522,30
26.9868,16.4372,30
27.0568,16.3975,30
26.987,16.437,30
27.0483,16.3843,30
26.9865,16.4375,30
26.9887,16.4372,30
26.9915,16.4562,30
26.9848,16.4408,30
27.0415,16.3725,30
27.0418,16.405,30
27.0538,16.4475,30
27.0333,16.4333,30
27.0295,16.3722,30
27.0542,16.3875,30
27.0642,16.3937,30
27.07,16.3932,30
27.0258,16.3658,30
26.8952,16.5515,30
26.8855,16.5802,30
26.881,16.5492,30
26.8853,16.579,30
26.9417,16.566,30
26.9705,16.5372,30
26.9153,16.5375,30
26.8958,16.5723,30
26.9192,16.5222,30
26.9322,16.4943,30
26.966,16.5028,30
26.8965,16.5783,30
26.8897,16.5715,30
26.9,16.6,30
26.8955,16.5832,30
26.8963,16.5795,30
26.8892,16.5507,30
26.8927,16.5767,30
26.8997,16.5782,30
26.9833,16.506,30
26.9813,16.5043,30
27.0302,16.5368,30
27.0308,16.5215,30
27.0268,16.5085,30
27.0155,16.534,30
27.0328,16.4897,30
26.9833,16.5833,30
27.0193,16.5133,30
27.1092,16.4662,30
27.107,16.3933,30
27.1115,16.4365,30
27.1358,16.3602,30
27.1337,16.358,30
27.2672,16.4203,30
27.2678,16.4132,30
27.1068,16.5162,30
27.1585,16.4562,30
27.1522,16.4831,30
27.1522,16.5172,30
27.188,16.4023,30
27.2813,16.4083,30
27.2663,16.3578,30
27.2302,16.4883,30
27.2742,16.4083,30
27.1638,16.5203,30
27.15,16.4063,30
27.1293,16.3728,30
27.2473,16.3973,30
27.2645,16.4087,30
27.2573,16.3822,30
27.194,16.3613,30
27.1158,16.3768,30
27.2027,16.4208,30
27.1038,16.3887,30
27.1063,16.374,30
27.202,16.3673,30
27.2937,16.4143,30
27.2813,16.4173,30
27.2793,16.4117,30
27.2408,16.408,30
27.2018,16.3835,30
27.2002,16.3685,30
27.2057,16.371,30
27.2025,16.3692,30
27.217,16.3892,30
27.2713,16.4135,30
27.2692,16.364,30
27.1573,16.4198,30
27.1167,16.4333,30
27.1,16.3667,30
27.1667,16.4333,30
27.121,16.5163,30
27.1333,16.4667,30
27.1227,16.5062,30
27.1887,16.3758,30
27.1873,16.3782,30
27.198,16.4085,30
27.2807,16.4057,30
27.2115,16.432,30
27.1725,16.3862,30
26.9063,16.6865,30
26.907,16.6815,30
26.9195,16.657,30
26.7892,16.7047,30
26.8358,16.6265,30
26.916,16.6732,30
26.9163,16.6748,30
26.8797,16.6732,30
26.879,16.6978,30
26.85,16.7333,30
26.9077,16.7017,30
26.919,16.6775,30
26.9048,16.679,30
26.8822,16.6517,30
26.9083,16.6693,30
26.5833,16.8,30
26.9062,16.6718,30
26.8833,16.6882,30
26.8727,16.7037,30
26.8715,16.6342,30
26.9195,16.674,30
26.9195,16.68,30
26.8757,16.6803,30
26.8825,16.662,30
26.8937,16.6262,30
26.8373,16.6137,30
26.7375,16.8995,30
26.8105,16.8048,30
26.9167,16.6667,30
24.297,18.4143,30
27.4387,15.9484,30
27.6317,16.0869,30
27.5714,16.0833,30
27.6673,15.9505,30
27.4333,16,30
27.6998,15.7269,30
27.643,15.9017,30
27.6252,15.9822,30
27.624,16.0512,30
27.6247,16.0545,30
27.6242,16.0598,30
27.6243,16.0623,30
27.6315,16.0333,30
27.3623,16.0897,30
27.4595,16.0767,30
27.4597,16.0727,30
27.5965,15.8705,30
27.6172,15.9663,30
27.6792,15.8653,30
27.8195,15.8945,30
27.832,15.8377,30
27.4422,16.0822,30
27.7648,16.0863,30
27.8185,15.9273,30
27.8183,15.9153,30
27.814,15.9115,30
27.7638,15.9108,30
27.8238,15.8785,30
27.347,16.0883,30
27.4665,15.914,30
27.5023,15.9125,30
27.5992,16.0023,30
27.5947,15.9365,30
27.7402,15.9368,30
27.479,16.0392,30
27.4547,16.0873,30
27.4475,15.985,30
27.829,15.928,30
27.452,16.021,30
27.4335,16.0845,30
27.4268,16.0537,30
27.5825,15.9833,30
27.6462,15.9148,30
27.804,15.935,30
27.7875,15.855,30
27.8052,15.9267,30
27.7978,15.9417,30
27.8073,15.9377,30
27.81,15.933,30
27.8143,15.9145,30
27.8038,15.921,30
27.8315,15.8743,30
27.7853,15.9523,30
27.7872,15.9512,30
27.7913,15.9652,30
27.7798,16.0627,30
27.7865,16.0972,30
27.7477,16.003,30
27.7547,15.9818,30
27.4653,16.0152,30
27.5477,15.847,30
27.547,15.8593,30
27.4253,16.0878,30
27.6553,15.9923,30
27.6337,16.0285,30
27.6392,15.881,30
27.6392,15.9013,30
27.3708,15.9913,30
27.7677,15.9407,30
27.7143,15.8687,30
27.7712,15.9323,30
27.3833,16.05,30
27.6872,15.9772,30
28.3,15.7175,30
28.206,15.6355,30
27.839,15.877,30
27.8407,15.8857,30
27.8427,15.8995,30
27.8662,15.8973,30
27.9237,15.8322,30
27.9275,15.8312,30
27.8622,15.8797,30
27.8588,15.8815,30
27.8498,15.8858,30
27.8393,15.8918,30
27.841,15.8682,30
27.8515,15.8715,30
27.8597,15.8802,30
27.8617,15.8832,30
27.9487,15.9013,30
27.8353,15.8435,30
27.876,15.9173,30
27.9148,15.9618,30
27.8733,15.9135,30
27.8868,15.8715,30
27.8872,15.8633,30
27.8945,15.8593,30
27.9162,15.8378,30
27.8742,15.8872,30
27.8365,15.8245,30
27.8667,15.9428,30
27.8422,15.8967,30
27.8377,15.9133,30
27.9313,15.8675,30
28.1403,15.8238,30
27.8643,15.8733,30
27.8745,15.8722,30
27.8638,15.8702,30
27.9002,15.9012,30
28.019,15.8633,30
28.0152,15.8637,30
28.0197,15.8902,30
28.0148,15.8627,30
28.01,15.845,30
28.0088,15.8428,30
28.0215,15.8425,30
27.8703,15.8717,30
27.8637,15.8667,30
27.8512,15.8757,30
27.8498,15.884,30
27.85,15.884,30
27.8425,15.8843,30
27.8325,15.8853,30
28,16,30
27.8327,15.9105,30
27.8985,15.8637,30
27.899,15.8645,30
27.9017,15.8635,30
27.4577,16.2802,30
27.4548,16.3133,30
27.4055,16.3283,30
27.4063,16.3197,30
27.4163,16.1943,30
27.4205,16.1667,30
27.3768,16.3023,30
27.3513,16.2537,30
27.5714,16.175,30
27.4264,16.2742,30
27.4677,16.1702,30
27.4506,16.1917,30
27.4958,16.2583,30
27.4277,16.1655,30
27.38,16.469,30
27.375,16.184,30
27.5473,16.3655,30
27.3788,16.4538,30
27.4432,16.3293,30
27.4533,16.3127,30
27.495,16.259,30
27.5642,16.1522,30
27.5775,16.1363,30
27.3775,16.1932,30
27.3615,16.2145,30
27.3782,16.3122,30
27.4087,16.3185,30
27.4715,16.296,30
27.5382,16.4423,30
27.7047,16.1892,30
27.5237,16.1512,30
27.3847,16.1287,30
27.5128,16.1627,30
27.4345,16.1227,30
27.4218,16.1782,30
27.4112,16.2,30
27.4122,16.2018,30
27.4445,16.2743,30
27.4432,16.1855,30
27.4613,16.1955,30
27.4648,16.1873,30
27.3568,16.167,30
27.4238,16.34,30
27.4355,16.2663,30
27.409,16.2042,30
27.3695,16.1988,30
27.4092,16.268,30
27.4208,16.2933,30
27.3725,16.2402,30
27.3752,16.1842,30
27.4873,16.3252,30
27.5162,16.2833,30
27.3785,16.1855,30
27.3793,16.4582,30
27.3582,16.4323,30
27.4833,16.263,30
27.4818,16.2873,30
27.4808,16.3183,30
27.3883,16.1573,30
27.3978,16.1632,30
27.4802,16.2713,30
27.4607,16.1708,30
27.6107,16.2187,30
27.3527,16.2007,30
27.3558,16.2032,30
27.3685,16.1735,30
27.3688,16.2855,30
27.3687,16.2638,30
27.3833,16.4167,30
27.4543,16.2315,30
27.4238,16.2045,30
27.4272,16.3338,30
27.3445,16.3025,30
27.3988,16.1595,30
27.4322,16.2523,30
27.5895,16.1167,30
27.396,16.1148,30
27.4788,16.3037,30
27.4842,16.3053,30
27.5047,16.3217,30
27.352,16.2475,30
27.3705,16.1883,30
27.3552,16.2035,30
27.3517,16.2357,30
27.6,16.2,30
27.35,16.1667,30
27.4667,16.3,30
27.45,16.25,30
27.4,16.2,30
27.4637,16.1465,30
27.3695,16.2402,30
27.5408,16.1578,30
27.4132,16.2795,30
27.479,16.1393,30
27.447,16.1482,30
27.396,16.1905,30
27.3667,16.1833,30
27.3648,16.1737,30
27.5,16.5,30
27.4333,16.2,30
27.6667,16.35,30
27.35,16.1833,30
27.4,16.2333,30
27.5,16.2,30
27.5667,16.2,30
27.4468,16.3193,30
27.4505,16.2238,30
27.4502,16.1867,30
27.3642,16.2803,30
27.4537,16.323,30
27.4872,16.4453,30
27.917,16.4877,30
27.9478,16.5098,30
28.9055,15.8277,30
27.9247,16.9575,30
27.919,16.684,30
27.6357,16.8778,30
27.75,16.8833,30
27.8808,16.9135,30
27.9265,16.9042,30
29.037,17.0185,30
24.4733,23.0433,30
24.9783,21.885,30
29.6597,20.0861,30
27.9583,21.6833,30
29.4167,20.5,30
22.0183,26.0878,30
27.2394,29.8358,30
30.7095,28.9698,30
28.6,26.4,30
29.2833,30.85,30
27.3142,27.9647,30
26.2,25.6667,30
25.5,25.4167,30
26.05,25.6667,30
25.5931,25.5278,30
25.8161,25.9142,30
26.7656,26.3236,30
26.9103,26.1517,30
26.5944,25.6222,30
27.0306,26.6744,30
25.5367,25.6578,30
26.0167,25.7333,30
28.1057,25.5402,30
25.9167,25.6667,30
25.2832,25.6083,30
25.3735,25.7062,30
28.1892,25.6217,30
26.3782,26.8505,30
25.4362,25.4865,30
26.1867,25.4557,30
26.6167,26.1993,30
26.6253,26.1983,30
26.7713,26.5428,30
26.8258,27.1423,30
26.8235,27.1415,30
26.3273,27.3367,30
25.3458,25.498,30
31.1325,25.0472,30
29.9089,29.9083,30
25.5998,28.4522,30
25.15,25.5833,30
28.5,25.5,30
44.2167,0.61667,30
44.1167,4.08333,30
44.65,11.0167,30
45.8213,6.01533,30
44.8833,8.75,30
45.2667,10.15,30
43.8667,5.38333,30
42.45,9.03333,30
43.0333,12.55,30
44.3833,5.16667,30
36.1667,3.66667,30
44.3333,3.23333,30
43.0833,0.58333,30
46,13.5,30
41.3667,2.16667,30
32.8667,10.8,30
44.8667,10.05,30
41.25,1.66667,30
43.35,11.5,30
45.0833,8.3,30
46.6833,1.05,30
46.55,6.81667,30
42.5333,12.6167,30
35.6167,8.83333,30
36.95,9.55,30
34.4167,3.25,30
44.3833,2.81667,30
36.8833,8.45,30
43.1811,13.7533,30
44.3,0.4,30
37.3167,13.5667,30
42.9,2.25,30
46.4214,14.0522,30
44.7167,4.3,30
44.2833,5.58333,30
43.75,5.11667,30
46.2167,5,30
44.5,0.15,30
45.3667,1.86667,30
46.8187,7.21817,30
38.1833,15.5667,30
45.7667,3.25,30
37.2833,14.7,30
43.2667,13.35,30
43.3906,1.9625,30
44.6,5.13333,30
45.2,8.5,30
44.0833,6.86667,30
42.5167,12.5167,30
45.2917,11.5272,30
41.6333,0.75,30
43.8833,1.38333,30
42.1333,12.9333,30
38.1333,14.9667,30
44.2442,11.5022,30
46.6,0.25,30
44.7667,11.2833,30
45.4833,9.51667,30
42.3,0.55,30
43.7333,1.38333,30
45.3,0.23333,30
46.05,4.63333,30
43.6667,13,30
34.75,10.7167,30
43.1167,11.6,30
39.3,9.2,30
45.6833,15.6,30
44.75,0.05,30
43.4333,2.95,30
36.1833,5.41667,30
32.95,10.4167,30
45.0667,7.66667,30
43.6,1.4,30
45.4667,10,30
45.4167,11.1333,30
44.8667,9.15,30
44.0667,12.1,30
44.85,11.4,30
46.6333,0.16667,30
44.3167,9.98333,30
45.0578,9.19556,30
46.1,12.35,30
31.6667,8.41667,30
31.481,9.84069,30
31.9383,10.284,30
31.4997,9.87722,30
31.8716,10.1936,30
31.8969,10.1957,30
31.8983,10.1953,30
31.9218,10.1875,30
31.9264,10.1896,30
44.9222,5.26778,30
44.495,11.3556,30
36.9167,3.91667,30
31.5333,8.88333,30
33.2189,10.8345,30
41.2667,1.91667,30
41.9667,2.81667,30
32.4833,4.4,30
33.25,10.4667,30
46.1624,14.1917,30
32.681,9.72872,30
32.8016,9.8411,30
32.8175,9.95518,30
32.8408,9.90705,30
32.8063,9.83767,30
32.7583,9.8593,30
32.7611,9.86632,30
32.7628,9.86542,30
32.806,9.833,30
32.891,9.913,30
43.7333,6.78333,30
44.1917,7.20028,30
46.8167,9.71667,30
33.35,10.4,30
33.35,10.4333,30
33.4033,10.4583,30
33.2503,10.3892,30
33.2433,9.86638,30
46.8367,6.49472,30
45.5083,12.3083,30
32.7605,9.1002,30
32.1583,4.63333,30
47.9333,1.56667,30
47.7167,5.36667,30
47.9333,2.91667,30
47.4708,0.97667,30
49.8667,8.65,30
48.9,11.2167,30
47.8667,7.35,30
48.1833,6.46667,30
49.3269,7.46472,30
47.0833,1.75,30
48.7667,0.63333,30
47.7,1.06667,30
47.1667,0.43333,30
48.35,3.25,30
47.85,0.48333,30
48.1333,12.6167,30
48.1833,13.1333,30
47.6333,1.58333,30
47.525,10.8083,30
47.1167,6.15,30
48.5,8,30
48.3025,13.9408,30
49.6667,14.0333,30
49.9833,7.53333,30
47.3667,1.73333,30
48.45,3.93333,30
49.4,14.65,30
46.9333,7.21667,30
47.1167,7.55,30
49.8833,13.9167,30
49.3222,1.36556,30
49.7667,14.6333,30
49.9667,6.53333,30
49.05,13.7667,30
49.8736,6.50556,30
47.0263,10.2733,30
50,8.26667,30
49.55,4.86667,30
47.2833,11.4167,30
47,7.83333,30
48.4833,3.58333,30
49.75,14.4167,30
49.9833,12.8667,30
47.1244,7.17889,30
49.0903,11.3333,30
47.9167,4.35,30
47.96,14.89,30
40.2,29.2333,30
46.45,25.7833,30
43.8389,20.3333,30
39.8,26.6,30
38.5,27,30
39.8,16.2,30
37.3517,27.33,30
40,29,30
42.4583,18.4417,30
46.35,30.5833,30
43.7667,20.2333,30
42.9,24.7,30
46.1,16.3333,30
43.8333,20.4417,30
45.1333,21.6667,30
36.5419,29.4182,30
42.5167,26.1667,30
37.8667,27.5167,30
46.5,25.7333,30
46.2333,17.5333,30
46.1833,16.1,30
46.8,24.0333,30
31.3167,30.35,30
46.0667,23.5833,30
43.4667,25.5167,30
45.275,26.7097,30
43.5,26.5333,30
38.3,27.1333,30
41.05,23.5667,30
44.1167,27.2667,30
43.6667,21.8667,30
44.4167,23.5,30
46.7167,23.5,30
43.5333,22.6333,30
32.7973,21.7871,30
44.4,19.1167,30
36.9,30.6833,30
43.0464,22.8639,30
46.5,30.7667,30
44.6125,18.4181,30
46.4,30.8,30
44.0167,28.6333,30
49.7833,30.1667,30
49.3667,16.6333,30
48.15,24.2833,30
49.2667,18.7167,30
47.35,21.3,30
49.8667,30.8333,30
48.1667,22.3083,30
48.9,22.4,30
48.7637,21.1763,30
47.8333,30.7667,30
47.75,16.2333,30
48.0667,30.9667,30
47.7,16.6,30
49.6,18.5333,30
49.1667,19.5,30
47.55,22.025,30
47.8833,22.0333,30
47.2167,29.8667,30
49.2333,17.5667,30
49.6,17.1167,30
49.975,16.375,30
48.95,17.3833,30
46.9333,21.5,30
49.7667,18.25,30
49.65,29.6333,30
49,21,30
49.3333,19.4833,30
46.9833,17.7,30
49.9667,17.9,30
48.348,17.866,30
49.7914,21.2578,30
49.2167,15.8,30
49.4167,21.7,30
49.25,17.6667,30
9.53333,39.7167,30
2.71667,32.8333,30
1.16667,44.1667,30
9.36667,42.4167,30
1.345,31.4728,30
9.06667,38.4167,30
4.7,33.6333,30
9.5,31.75,30
1.06667,34.1667,30
0,37.6667,30
9.5,35.3333,30
15.3667,35.6833,30
0.26667,36.5333,30
1.7,33.6333,30
9,39,30
13.7111,45.17,30
10.2667,40.5667,30
3.98333,41.65,30
2.5,34.75,30
3.81667,43.3333,30
0,35.6667,30
29.5167,35.05,30
24.4167,39.5167,30
20.7458,32.4128,30
27.3333,35.6667,30
16,36,30
30.9,32.4833,30
19.3833,43.7333,30
20.6,44.8833,30
23.9861,32.6236,30
26.2833,34.25,30
29.3167,31.2833,30
24.8333,31.6667,30
20.3833,45.0833,30
29.75,34.9167,30
30.9,46.0167,30
5,48,30
15,48.3,30
22.7219,48.9594,30
21.875,49.7194,30
23.143,49.5325,30
20,50,30
22.5667,48.3,30
23.3478,48.7374,30
23.3572,48.7225,30
23.3152,48.6299,30
39.9167,42.8167,30
36.2333,37.1333,30
35.2733,44.2156,30
48.7,37.5,30
48.6,38,30
33.8833,35.5,30
47.8333,37.6667,30
40.3,44.5,30
48.2833,38.0833,30
43.6667,45.3833,30
38,35,30
39.2633,31.78,30
41.1167,45,30
44.5167,39.3,30
45.8167,44.6333,30
48.5333,35.9833,30
48.6,45.6667,30
45.05,41.9833,30
47.85,34.7667,30
46.15,32.8333,30
48.4167,43.2,30
38.9333,48.25,30
47.3167,35.3667,30
47.1333,43.9,30
47.5833,37.25,30
48.0667,35.0833,30
46.75,36.8167,30
45.7,43.7,30
45.0057,39.2052,30
49.0833,42.5167,30
47.9,37.5,30
49.7833,35.6,30
49.3167,31.5167,30
49.8667,46.6117,30
48.2,43.7333,30
49.6688,42.8325,30
48.4833,44.8167,30
48.7,45.7,30
48.6333,34.3667,30
49.7892,41.5046,30
27.5833,4.05,31
39.5667,-2.1,32
28.5922,13.3403,33
26.9587,16.4555,33
28.421,12.8868,34
27.0182,16.0885,34
28.636,13.3792,35
30.5067,12.215,36
27.0685,16.107,37
27.25,16.1167,37
26.9733,16.5417,37
-32.0167,27.4167,38
27.3058,16.1357,39
